Asset_Return,Market_Return,RiskFree_Rate,,,,
0,0,0.0374,,,,
0.0053,0.0069,0.03828,,,,
0.002,0.0008,0.03792,,,,
0.0091,0.0122,0.03723,,,,
-0.0018,-0.0037,0.03769,,,,
0.0002,-0.0047,0.03723,,,,
-0.0066,-0.0052,0.03725,,,,
0.0067,0.0037,0.03797,,,,
-0.0088,-0.0077,0.03742,,,,
-0.0139,-0.0045,0.03724,,,,
0.009,0.0115,0.03767,,,,
0.0013,-0.0004,0.03712,,,,
0.0045,0.0045,0.03846,,,,
0.013,0.0123,0.03844,,,,
